headline,gpt4o,labels
Chris Moyles Is Returning To Radio With A Breakfast Show On Radio X',0,1
26 Gifts For People Who'd Rather Live Between The Pages Of A Book,1,1
23 Made In America Clothing Brands You Should Know,0,1
These Photos Make The 2016 BAFTAs Look Like The Golden Age Of Hollywood,1,1
25 Sunday Sport Headlines To Uplift And Inspire,0,1
11 Other 'Harry Potter' Names You've Been Pronouncing Wrong,1,1
30 Things Girls Who Are Always Cold Understand,1,1
"OMG, Yes, You Can Totally Make Your Hair Glow-In-The-Dark Now",1,1
How Do You Stay Fit In College,0,1
Tell Us Why You Take Medication For Your Mental Health,0,1
This Web Series Is Helping Trans Teens Find Their Personal Definition Of Beauty,0,1
How Much Of A Stereotypical Person Are You,1,1
15 Sensational Ways To Eat Gnocchi This Winter,1,1
21 Things You Need If You Love Burgers Too Much,1,1
21 Wicked Ways To Trick People Into Eating The Best Candy Ever,1,1
Lego Is Now Making Extra-Padded Lego-Proof Slippers Because They Feel Your Pain,1,1
Can You Answer These Obscure 'Friends' Trivia Questions,1,1
18 Easy Ways to Become a Morning Runner Without Even Trying,1,1
44 Secret Sentences All College Students Will Understand,1,1
62 People Who Dressed As Matt Bellassai For Halloween,1,1
This Is The Hardest 'Degrassi' Quiz You\'ll Ever Take,1,1
The 19 Most Important Things That Happened At The 2016 Golden Globe Awards,0,1
This Is Why Men Can Never Find A Damn Thing,1,1
Which Hogwarts Houses Do These 'Doctor Who' Characters Belong In,1,1
Choose A Squiggle To Determine Your Current Frame Of Mind,1,1
This Korean Pop Star Can't Stop Falling On Stage During Her Performance,1,1
What Is Your Sex IQ,1,1
12 Presidential Candidates And Their Dog Twins,1,1
18 Celebrity Instagrams You Need To See This Week,1,1
26 Photos That Every Perfectionist Will Find Pleasing,1,1
Could You Actually Quit Facebook,1,1
31 Of The Funniest Moments To Ever Happen On 'Desperate Housewives',1,1
What Historical Decade Actually Matches Your Style,1,1
"41,000 Indians Have Petitioned The Censor Board For More Gender-Sensitive Ratings",0,1
David Bowie\'s Musical 'Lazarus' Showcases His Enduring Legacy,0,1
27 Sex Questions You're Too Afraid To Ask Anyone But Google,1,1
Can We Guess Your Personality Based On Your Underwear Color,1,1
Did You Prefer The Broadway Show Or The Movie,0,1
18 Differences Between Snow Days In Canada And America,1,1
15 Items Only Thirtysomethings Would Have In Their Amazon Shopping Cart,1,1
17 'Twilight Zone' Episodes To Watch If You\'ve Never Seen 'The Twilight Zone',0,1
Pocket Kittens Are Real And Here Is What You Should Know About Them,1,1
We Bet You Can't Name All 30 NHL Teams In 5 Minutes,1,1
29 Photos Guaranteed To Make 'Simpsons' Fans Laugh Every Time,1,1
23 Situations Everyone Who Grew Up Shy Will Understand,1,1
Can You Name These '90s Games From A Single Screenshot,1,1
These Horrifyingly Satisfying Photos Of 'Baby Foot' Will Haunt You,1,1
14 Things You Did To Look Cool As Teens That Aren't Cool Now,1,1
Can You And Your Family Finish This Freestyle Crossword,1,1
14 Graphs That Are Too Real For Any Student With Social Anxiety,1,1
Australian Senator arrives at Parliament dressed as a beer bottle,1,0
"Have them all shot': BBC gets 21,000+ complaints over Jeremy Clarkson's public sector striker comments",1,0
"A Madoff Cookbook Has a Secret, Too",1,0
"6-year-old boy in Colorado found alive, unhurt after runaway balloon allegedly carried him away",1,0
"Bigfoot' hunters claim to have found corpse of mythical creature in Georgia, USA",1,0
Chris Benoit mystery editor confesses: claims 'terrible coincidence,1,0
A Growth Area for Law Firms: Bankruptcy,0,0
Michigan Holds Off Frantic Finish by Clemson,0,0
Election complaint against Fred Thompson,0,0
.tel top-level domain launched,0,0
"Official Myanmar death toll increases to 78,000",0,0
Search underway after US B-52 bomber crashes off Guam's coast,0,0
"To Track Tigers, Software That Knows Them by Their Stripes",0,0
US TV host Conan O'Brien rejects NBC's offer to switch his show's time slot,0,0
"McDonald's unfairly dismissed worker for giving a colleague free cheese, says Dutch court",0,0
US Secret Service officer arrested during prostitution sting,0,0
Bank Worries Keep Pulling Markets Back,0,0
Cellphones as Credit Cards? Americans Must Wait,0,0
Southern Gaza hit by new Israeli air strikes,0,0
Rain Makes Dustin Johnson a Winner at Pebble Beach,0,0
West Virginia governor names Carte Goodwin as new Senator,0,0
Officials Still Arguing Over Leader for Somalia,0,0
Heavy earthquake hits the Philippines,0,0
"On a Campus in Bulgaria, Every Reason for Optimism",0,0
Iran Council Certifies Ahmadinejad Victory,0,0
Blu-ray prevails in high definition disc war,0,0
Sailors freed after being captured in Nigeria,0,0
Officials report 29 rebels killed in Yemen after clashes,0,0
Judge Ends Monitor of the Los Angeles Police,0,0
Names of Australians killed in helicopter crash released,0,0
"A Mobster Trial, and a Flash of a Violent Past",0,0
Cricket: India beat England in second one-day international,0,0
California Warns of Layoffs at Schools,0,0
Bristol campaigners: words by council are 'weasel words',0,0
Japanese probe snatches first asteroid sample,0,0
"UN: Ethiopian GDP grew only 1.7% in 2009, may not reach anti-poverty goals",0,0
Technology giants battle for USB 3.0 standards,0,0
Judge in Nebraska says thou shalt not sue God,0,0
Nobel Peace Prize awarded to Kenyan environmental activist,0,0
Evo Morales wins presidential elections in Bolivia,0,0
BBC begins trial program allowing legal TV and radio downloads,0,0
Two Palestinians reportedly shot dead by Israeli troops,0,0
Fortieth anniversary of first manned Moon landing,0,0
"Chinese earthquake: Death toll reaches almost 15,000 as 'dangerous' cracks found in dam near city",0,0
"Cabrera, Once a Poor Caddie, Is Part of a Marquee Threesome",0,0
Finnish female politicians highlighted by World Bank's 2012 gender report,0,0
Three Yemeni troops killed in shooting,0,0
Tensions rise between North Korea and United States,0,0
Research in Motion to launch new tablet device,0,0
"Couples thrashed for sitting in a park in Meerut, India",0,0